caller_subsystem	callee_subsystem	call_edges
eh_funclets	peds_ai	2695
unclassified	crt_lib	1822
protection	crt_lib	1254
renderware	crt_lib	995
peds_ai	world_entities	937
scripts_missions	peds_ai	613
peds_ai	platform_os	584
platform_os	crt_lib	583
vehicles	core_math_containers	546
vehicles	peds_ai	510
vehicles	world_entities	497
peds_ai	core_math_containers	466
scripts_missions	protection	430
vehicles	platform_os	401
peds_ai	file_loading	387
world_entities	core_math_containers	370
ui_hud_frontend	render	365
peds_ai	animation	357
render	renderware	329
models	renderware	313
scripts_missions	world_entities	299
peds_ai	vehicles	288
world_entities	platform_os	261
peds_ai	protection	258
eh_funclets	core_math_containers	234
peds_ai	renderware	229
render	platform_os	220
scripts_missions	platform_os	218
scripts_missions	vehicles	200
crt_lib	renderware	196
file_loading	crt_lib	189
vehicles	renderware	185
protection	other_section:.data	177
world_entities	peds_ai	175
ui_hud_frontend	crt_lib	168
eh_funclets	crt_lib	164
ui_hud_frontend	platform_os	164
audio	crt_lib	163
camera	core_math_containers	155
other_section:.data	crt_lib	154
crt_lib	protection	150
scripts_missions	core_math_containers	147
world_entities	renderware	145
camera	world_entities	141
vehicles	fx	137
peds_ai	crt_lib	131
scripts_missions	file_loading	130
render	core_math_containers	128
platform_os	renderware	127
render	world_entities	121
vehicles	protection	118
camera	platform_os	117
scripts_missions	render	115
protection	peds_ai	115
eh_funclets	fx	114
platform_os	render	113
audio	platform_os	111
core_math_containers	crt_lib	110
crt_lib	platform_os	110
fx	crt_lib	109
eh_funclets	vehicles	108
ui_hud_frontend	scripts_missions	105
weapons_combat	peds_ai	103
peds_ai	scripts_missions	101
renderware	platform_os	100
scripts_missions	streaming	99
platform_os	peds_ai	98
file_loading	renderware	98
scripts_missions	crt_lib	95
camera	peds_ai	94
world_entities	fx	90
file_loading	platform_os	89
vehicles	file_loading	87
fx	platform_os	85
peds_ai	audio	83
world_entities	protection	82
animation	renderware	77
quicktime_glue	renderware	76
scripts_missions	ui_hud_frontend	75
weapons_combat	world_entities	75
peds_ai	unclassified	74
models	crt_lib	74
render	file_loading	73
peds_ai	fx	72
platform_os	scripts_missions	71
platform_os	world_entities	70
platform_os	protection	69
vehicles	models	68
eh_funclets	world_entities	68
eh_funclets	audio	68
streaming	protection	67
peds_ai	weapons_combat	67
peds_ai	models	63
scripts_missions	camera	63
vehicles	audio	62
ui_hud_frontend	file_loading	60
platform_os	file_loading	59
collision	core_math_containers	58
scripts_missions	renderware	58
fx	renderware	57
peds_ai	collision	57
peds_ai	streaming	55
crt_lib	other_section:.data	55
scripts_missions	audio	54
vehicles	collision	53
peds_ai	camera	53
other_section:.data	protection	51
animation	crt_lib	50
weapons_combat	platform_os	50
weapons_combat	core_math_containers	49
vehicles	scripts_missions	48
platform_os	vehicles	48
audio	core_math_containers	48
protection	streaming	47
world_entities	render	46
world_entities	crt_lib	46
vehicles	render	45
platform_os	ui_hud_frontend	45
streaming	file_loading	44
world_entities	vehicles	43
animation	peds_ai	42
protection	vehicles	42
ui_hud_frontend	audio	41
protection	scripts_missions	41
peds_ai	render	40
weapons_combat	file_loading	40
weapons_combat	fx	39
ui_hud_frontend	peds_ai	39
collision	peds_ai	38
quicktime_glue	crt_lib	38
file_loading	core_math_containers	37
file_loading	peds_ai	37
vehicles	weapons_combat	37
audio	world_entities	37
protection	world_entities	37
models	platform_os	36
audio	peds_ai	36
audio	file_loading	36
render	fx	36
render	peds_ai	35
world_entities	file_loading	35
file_loading	models	35
renderware	unclassified	35
models	file_loading	34
file_loading	animation	34
streaming	platform_os	33
vehicles	streaming	32
eh_funclets	renderware	32
vehicles	camera	31
core_math_containers	vehicles	31
platform_os	camera	31
scripts_missions	fx	31
animation	core_math_containers	31
crt_lib	ui_hud_frontend	31
file_loading	protection	29
camera	renderware	29
scripts_missions	models	29
animation	fx	29
renderware	animation	28
weapons_combat	render	28
render	crt_lib	28
world_entities	collision	27
scripts_missions	weapons_combat	27
protection	file_loading	27
world_entities	scripts_missions	26
platform_os	audio	26
unclassified	renderware	26
protection	core_math_containers	26
collision	protection	25
peds_ai	ui_hud_frontend	25
models	protection	25
models	core_math_containers	24
core_math_containers	renderware	24
camera	crt_lib	24
ui_hud_frontend	renderware	24
streaming	crt_lib	23
platform_os	core_math_containers	23
weapons_combat	renderware	23
protection	platform_os	23
platform_os	collision	21
ui_hud_frontend	world_entities	21
world_entities	streaming	20
file_loading	streaming	20
vehicles	crt_lib	20
animation	file_loading	20
animation	platform_os	20
file_loading	render	20
collision	world_entities	19
world_entities	models	19
renderware	file_loading	19
file_loading	world_entities	18
streaming	peds_ai	18
world_entities	audio	18
scripts_missions	animation	17
audio	render	17
render	streaming	17
render	scripts_missions	16
core_math_containers	platform_os	16
core_math_containers	world_entities	16
platform_os	weapons_combat	16
core_math_containers	animation	16
camera	vehicles	16
file_loading	fx	16
renderware	fx	16
renderware	quicktime_glue	16
eh_funclets	protection	15
platform_os	models	15
platform_os	streaming	15
camera	file_loading	15
weapons_combat	vehicles	15
render	camera	15
file_loading	scripts_missions	15
crt_lib	unclassified	15
render	collision	15
file_loading	collision	14
streaming	world_entities	14
collision	crt_lib	14
world_entities	camera	14
world_entities	weapons_combat	14
renderware	ui_hud_frontend	14
render	vehicles	13
collision	platform_os	13
camera	collision	13
audio	scripts_missions	13
ui_hud_frontend	protection	13
unclassified	file_loading	13
unclassified	protection	13
streaming	core_math_containers	12
unclassified	platform_os	12
core_math_containers	peds_ai	12
camera	audio	12
camera	fx	12
camera	protection	12
ui_hud_frontend	streaming	12
weapons_combat	collision	12
protection	camera	12
protection	audio	12
eh_funclets	scripts_missions	11
render	protection	11
weapons_combat	scripts_missions	11
models	streaming	11
vehicles	unclassified	10
weapons_combat	audio	10
weapons_combat	protection	10
protection	render	9
world_entities	ui_hud_frontend	9
core_math_containers	scripts_missions	9
fx	file_loading	9
fx	peds_ai	9
platform_os	animation	9
ui_hud_frontend	camera	9
renderware	render	9
file_loading	vehicles	8
scripts_missions	collision	8
eh_funclets	platform_os	8
models	render	8
audio	protection	8
camera	weapons_combat	8
ui_hud_frontend	core_math_containers	8
weapons_combat	camera	8
protection	collision	8
streaming	renderware	7
collision	file_loading	7
scripts_missions	unclassified	7
models	collision	7
models	peds_ai	7
camera	streaming	7
platform_os	fx	7
models	scripts_missions	7
unclassified	audio	7
protection	renderware	7
collision	models	6
vehicles	ui_hud_frontend	6
audio	fx	6
camera	render	6
camera	ui_hud_frontend	6
ui_hud_frontend	fx	6
world_entities	unclassified	6
render	unclassified	6
animation	world_entities	6
renderware	peds_ai	6
crt_lib	audio	6
fx	unclassified	6
core_math_containers	protection	5
streaming	collision	5
streaming	scripts_missions	5
platform_os	unclassified	5
fx	core_math_containers	5
animation	models	5
audio	renderware	5
renderware	audio	5
unclassified	world_entities	5
vehicles	animation	5
renderware	world_entities	5
renderware	models	5
quicktime_glue	models	5
protection	models	5
streaming	models	4
renderware	core_math_containers	4
audio	vehicles	4
quicktime_glue	platform_os	4
audio	quicktime_glue	4
render	audio	4
models	fx	4
file_loading	audio	4
render	models	4
render	weapons_combat	4
protection	weapons_combat	4
protection	unclassified	4
streaming	render	3
streaming	vehicles	3
streaming	camera	3
core_math_containers	streaming	3
fx	world_entities	3
fx	audio	3
models	unclassified	3
world_entities	animation	3
weapons_combat	unclassified	3
render	ui_hud_frontend	3
unclassified	collision	3
unclassified	models	3
unclassified	core_math_containers	3
unclassified	scripts_missions	3
eh_funclets	models	3
weapons_combat	models	3
file_loading	ui_hud_frontend	2
streaming	ui_hud_frontend	2
collision	camera	2
eh_funclets	ui_hud_frontend	2
crt_lib	animation	2
audio	animation	2
audio	models	2
quicktime_glue	audio	2
camera	scripts_missions	2
camera	models	2
weapons_combat	crt_lib	2
core_math_containers	ui_hud_frontend	2
ui_hud_frontend	unclassified	2
file_loading	unclassified	2
renderware	scripts_missions	2
weapons_combat	animation	2
eh_funclets	collision	2
unclassified	fx	2
unclassified	camera	2
protection	fx	2
protection	animation	2
file_loading	camera	1
collision	streaming	1
collision	renderware	1
scripts_missions	eh_funclets	1
fx	render	1
fx	streaming	1
models	vehicles	1
crt_lib	models	1
animation	unclassified	1
audio	camera	1
audio	unclassified	1
audio	ui_hud_frontend	1
camera	unclassified	1
camera	animation	1
world_entities	physics_collision_response	1
eh_funclets	render	1
ui_hud_frontend	vehicles	1
ui_hud_frontend	weapons_combat	1
core_math_containers	fx	1
models	world_entities	1
streaming	fx	1
crt_lib	fx	1
peds_ai	physics_collision_response	1
peds_ai	eh_funclets	1
animation	protection	1
collision	weapons_combat	1
vehicles	physics_collision_response	1
physics_collision_response	platform_os	1
unclassified	render	1
crt_lib	render	1
crt_lib	scripts_missions	1
renderware	protection	1
eh_funclets	animation	1
eh_funclets	camera	1
eh_funclets	file_loading	1
unclassified	peds_ai	1
crt_lib	peds_ai	1
protection	ui_hud_frontend	1
