subsystem	functions	strong_named	strong_pct	bytes	top_classes
peds_ai	5958	3831	64	861501	CPed(198), CPedAttractor(185), CPlayerPed(89), CInterestingEvents(86), CEventHandler(84), CPedIntelligence(82), CEvent(69), CPopulation(64), <global>(57), CDecisionMakerTypes(51), CEventLeaderExitedCarAsDriver(50), CPedAttractorManager(50)
eh_funclets	3717	3717	100	51272	<eh>(3717)
renderware	3644	1072	29	827254	<global>(1951), CRT(1051), RenderWare(225), CVisibilityPlugins(116), CCustomCarEnvMapPipeline(86), VideoPlayer(35), CCustomBuildingDNPipeline(32), CCustomBuildingPipeline(22), D3DResourceSystem(21), CCustomBuildingRenderer(17), CCustomCarPlateMgr(17), ULI(17)
protection	3638	416	11	580726	SecuROM(2486), Hoodlum(637), HASP(77), CStreaming(47), CTheScripts(37), CPathFind(26), CEntryExitManager(16), CShopping(16), CGarages(15), CReplay(13), CVehicleRecording(11), CCarCtrl(11)
unclassified	2707	35	1	55791	CRT(2178), <global>(493), VideoPlayer(10), SlotState(8), CJoySticks(8), CQuadTreeNode(5), CRenPar(3), CSimpleVariablesSaveStructure(1), ULI(1)
platform_os	1896	363	19	130728	<global>(603), CRT(583), CPad(143), CLoadMonitor(102), CFileMgr(91), CControllerConfigManager(75), CGame(66), CGameLogic(59), CMemoryMgr(41), CMemoryHeap(37), CGeneral(36), CTimer(14)
vehicles	1552	911	58	486001	CVehicle(222), CAutomobile(197), CCarCtrl(173), CPathFind(173), CGarage(79), CBike(71), CCarAI(68), CTrain(57), CVehicleRecording(51), CGarages(40), CCarEnterExit(39), CDamageManager(36)
crt_lib	1303	1201	92	199704	<global>(1093), std(141), exception(57), iterator(4), ULI(2), CDialog(2), const_iterator(2), __crt_strtox(1), CChevronOwnerDrawMenu(1)
audio	1188	780	65	198073	CAEVehicleAudioEntity(131), CAEUserRadioTrackManager(124), CAudioEngine(92), CAEPedSpeechAudioEntity(87), CAEAudioHardware(68), CAEPoliceScannerAudioEntity(62), CAERadioTrackManager(59), CAudioZones(43), CAESound(40), CAEPedAudioEntity(30), CAEDataStream(28), CAEStreamingChannel(26)
world_entities	1185	689	58	294561	CWorld(120), CEntity(111), CPhysical(96), CEntryExitManager(68), CObject(64), CPlaceable(63), Interior_c(61), CWaterLevel(60), CEntitySeekPosCalculatorStandard(34), InteriorGroup_c(33), CCullZones(31), InteriorManager_c(28)
scripts_missions	1164	479	41	313420	CRunningScript(185), CTheScripts(151), CReplay(93), CCheat(88), CShopping(87), CPickups(70), CPickup(63), CStats(60), CGenericGameStorage(56), COnscreenTimer(37), CScriptsForBrains(36), CMessages(35)
render	821	521	63	197629	CRenderer(57), CPostEffects(56), CShadows(55), CFont(44), CPlantMgr(40), CSprite2d(38), CClouds(35), CTagManager(34), C3dMarkers(31), CWeather(29), CLoadingScreen(29), CMBlur(29)
quicktime_glue	711	10	1	43721	QTMLClient(676), CAEMFDecoder(35)
file_loading	640	374	58	82975	CFileLoader(97), CModelInfo(82), CIplStore(61), SurfaceInfos_c(56), CAnimManager(55), CTxdStore(46), cHandlingDataMgr(26), CLocalisation(24), CTimeCycle(23), CPedStats(23), CWeaponInfo(21), <global>(19)
fx	563	262	46	84607	FxEmitterBP_c(75), Fx_c(43), FxManager_c(42), FxEmitter_c(37), FxSystem_c(37), <global>(34), FxInterpInfo_c(27), CRT(27), FxInterpInfo255_c(16), FxPrimBP_c(13), FxSystemBP_c(11), FxInfoEmRotation_c(9)
core_math_containers	538	219	40	42773	CPools(91), CVector(84), CMatrix(54), <global>(38), CQuaternion(32), SlotState(28), COctTree(26), CVector2D(24), CQuadTreeNode(23), CPedPool(14), CMatrixLinkList(14), CRect(13)
models	503	249	49	48408	CVehicleModelInfo(110), CBaseModelInfo(105), CTimeInfo(54), CWeaponModelInfo(42), CClothesBuilder(37), CClumpModelInfo(29), CVehicleAnimGroup(19), CPedModelInfo(18), CVehicleAnimGroupData(18), CClothes(14), CAtomicModelInfo(12), <global>(12)
ui_hud_frontend	427	202	47	126340	CMenuManager(168), CRadar(79), CRT(51), CHud(46), <global>(43), CMenuSystem(34), CHudColours(6)
streaming	336	112	33	33550	CStreaming(239), CColStore(34), CLoadedCarGroup(23), CStreamedScripts(22), CStreamingInfo(11), <global>(7)
camera	295	197	66	149572	CCamera(151), CCam(116), CIdleCam(16), CCurves(6), <global>(3), CHandShaker(3)
animation	286	174	60	36612	CAnimBlendAssocGroup(73), CAnimBlendAssociation(26), IKChain_c(24), CAnimBlendStaticAssociation(22), CAnimBlendSequence(22), CAnimBlendNode(22), CAnimBlendHierarchy(20), IKChainManager_c(18), CAnimBlendClumpData(17), BoneNode_c(17), CPedIK(11), BoneNodeManager_c(8)
collision	247	101	40	48646	CCollision(115), CCollisionData(29), CColModel(23), CColAccel(23), CColSphere(17), <global>(13), CCollisionPlugin(9), CColourSet(7), CColTrianglePlane(6), CColModelPool(2), tColLighting(2), CCollisionEventScanner(1)
other_section:.data	164	164	100	14639	<global>(125), ATL(23), const_iterator(4), iterator(4), CMFCComObject<ATL(4), CDialog(2), CChevronOwnerDrawMenu(1), CBlobProperty(1)
weapons_combat	142	111	78	60865	CWeapon(51), CFireManager(27), CWeaponEffects(15), CExplosion(12), CShotInfo(11), CFire(9), CBulletInfo(6), CBulletTraces(5), CCreepingFire(4), CBulletTrace(1), <global>(1)
physics_collision_response	3	2	66	519	CWindModifiers(3)
